<beans:beans xmlns="http://www.springframework.org/schema/security"
	xmlns:beans="http://www.springframework.org/schema/beans"
	xmlns:xsi="http://www.w3.org/2001/XMLSchema-instance"
	xmlns:mvc="http://www.springframework.org/schema/mvc"
	xmlns:aop="http://www.springframework.org/schema/aop"
	xsi:schemaLocation="http://www.springframework.org/schema/mvc
	http://www.springframework.org/schema/mvc/spring-mvc.xsd
	http://www.springframework.org/schema/beans
	http://www.springframework.org/schema/beans/spring-beans.xsd
	http://www.springframework.org/schema/security
	http://www.springframework.org/schema/security/spring-security.xsd
	http://www.springframework.org/schema/context
	http://www.springframework.org/schema/context/spring-context.xsd
	http://www.springframework.org/schema/aop 
	http://www.springframework.org/schema/aop/spring-aop.xsd">

	<!-- enable use-expressions -->
	<http auto-config="true" use-expressions="true">
	
	
		<!-- The session management is used to ensure the user only has one session.-->
		<session-management invalid-session-url="/home?time=1">
			<concurrency-control max-sessions="1" expired-url="/login?time=1" error-if-maximum-exceeded="true"/>
		</session-management>

		<intercept-url pattern="/home*" access="permitAll()"/>
		<intercept-url pattern="/loginfrag**" access="hasAnyRole('ROLE_ADMIN','ROLE_MANAGER')" />
		


		<!-- access denied page -->
		<access-denied-handler error-page="/403" />
		
		<form-login login-page="/login" default-target-url="/loginfrag"
			authentication-failure-url="/login?error" username-parameter="username"
			password-parameter="password" authentication-failure-handler-ref="customAuthenticationFailure"/>
		
		<logout logout-success-url="/login?logout" delete-cookies="JSESSIONID" invalidate-session="true" />
		<!-- enable csrf protection -->
		<csrf />
	</http>

	<beans:bean id="customAuthenticationFailure" class="com.techm.coe.service.CustomAuthenticationFailure">
		<beans:property name="applicationDao" ref="applicationDao" />
	</beans:bean>
	
	<beans:bean id="customUserDetailsService" class="com.techm.coe.service.CustomUserDetailsService">
		<beans:property name="applicationDao" ref="applicationDao" />
	</beans:bean>
	
	<beans:bean id="encoder" class="org.springframework.security.crypto.bcrypt.BCryptPasswordEncoder" />



	<!-- ================================================================================== -->
	<!-- Authentication Providers for Form Login 											-->
	<!-- ================================================================================== -->
	<authentication-manager>
		<authentication-provider user-service-ref="customUserDetailsService">
			<password-encoder hash="bcrypt" />
		</authentication-provider>
	</authentication-manager>


	<!-- ================================================================================== -->
	<!-- AspectJ configuration for AOP based Logging and Exception Handling 											-->
	<!-- ================================================================================== -->

	<aop:aspectj-autoproxy/>

    <beans:bean id="loggerAdvice" class="com.techm.coe.aspect.LoggerAdvice"/>
    <beans:bean id="exceptionAdvice" class="com.techm.coe.aspect.ExceptionAdvice"/>

	<beans:bean class="org.springframework.web.servlet.handler.SimpleMappingExceptionResolver">
		  <beans:property name="exceptionMappings">
			<beans:props>
				<beans:prop key="java.lang.Exception">error</beans:prop>
			</beans:props>
		  </beans:property>
		</beans:bean>

</beans:beans>

