<beans xmlns="http://www.springframework.org/schema/beans"
	xmlns:xsi="http://www.w3.org/2001/XMLSchema-instance" xmlns:aop="http://www.springframework.org/schema/aop"
	xmlns:tx="http://www.springframework.org/schema/tx" xmlns:context="http://www.springframework.org/schema/context"
	xsi:schemaLocation="http://www.springframework.org/schema/beans
	http://www.springframework.org/schema/beans/spring-beans.xsd 
	http://www.springframework.org/schema/aop 
	http://www.springframework.org/schema/aop/spring-aop.xsd
	http://www.springframework.org/schema/tx
    http://www.springframework.org/schema/tx/spring-tx.xsd
   	http://www.springframework.org/schema/context 
    http://www.springframework.org/schema/context/spring-context.xsd">



	<context:property-placeholder location="classpath:database.properties" />


	<bean id="dataSource" class="org.apache.commons.dbcp.BasicDataSource"
		destroy-method="close">

		<property name="driverClassName" value="${database.driverClass}" />
		<property name="url" value="${database.url}" />
		<property name="username" value="${database.username}" />
		<property name="password" value="${database.password}" />

		<!-- <property name="acquireIncrement" value="${connection.acquireIncrement}" /> 
		<property name="minPoolSize" value="${connection.minPoolSize}" />
		<property name="maxPoolSize" value="${connection.maxPoolSize}" />
		<property name="maxIdleTime" value="${connection.maxIdleTime}" /> 
		 -->
		


	</bean>

	<bean id="sessionFactory"
		class="org.springframework.orm.hibernate4.LocalSessionFactoryBean">
		<property name="dataSource" ref="dataSource" />
		<property name="hibernateProperties">
			<props>
				<prop key="hibernate.dialect">${hibernate.dialect}</prop>
				<prop key="hibernate.hbm2ddl.auto">${hibernate.hbm2ddl.auto}</prop>
				<prop key="hibernate.format_sql">${hibernate.format_sql}</prop>
				<prop key="hibernate.show_sql">${hibernate.show_sql}</prop>
			</props>
		</property>

		<property name="annotatedClasses">
			<list>
				<value>com.techm.coe.model.COEUser</value>
				<value>com.techm.coe.model.COEUserRole</value>
			</list>
		</property>
	</bean>

	<bean id="applicationDao" class="com.techm.coe.dao.ApplicationDaoImpl">
		<property name="sessionFactory" ref="sessionFactory" />
	</bean>

	<bean id="transactionManager"
		class="org.springframework.orm.hibernate4.HibernateTransactionManager">
		<property name="sessionFactory" ref="sessionFactory"></property>
	</bean>

	<tx:advice id="txAdvice" transaction-manager="transactionManager">
		<tx:attributes>
			<tx:method name="get*" read-only="true" />
			<tx:method name="find*" read-only="true" />
			<tx:method name="*" />
		</tx:attributes>
	</tx:advice>

	<aop:config>
		<aop:pointcut id="userServicePointCut"
			expression="execution(* com.techm.coe.service.*Service.*(..))" />
		<aop:advisor advice-ref="txAdvice" pointcut-ref="userServicePointCut" />
	</aop:config>

</beans>